Id,type,POINT_X,POINT_Y
0,large platform mounds,-64.357915,-15.000864
1,large platform mounds,-64.774797,-14.983732
2,large platform mounds,-64.286531,-15.294966
3,large platform mounds,-64.343638,-15.172186
4,large platform mounds,-64.797639,-15.166475
5,large platform mounds,-64.786218,-14.666788
6,large platform mounds,-64.460708,-14.760063
7,fortified settlements,-61.011552,-13.446299
8,fortified settlements,-61.921458,-13.225485
9,fortified settlements,-62.033599,-13.325542
10,fortified settlements,-62.223174,-12.99325
11,fortified settlements,-62.919195,-12.825355
12,fortified settlements,-62.184417,-11.209606
13,fortified settlements,-62.190128,-11.597934
14,fortified settlements,-62.378581,-11.632198
15,fortified settlements,-62.350027,-11.89489
16,fortified settlements,-62.344317,-12.203269
17,fortified settlements,-62.658406,-11.523695
18,fortified settlements,-62.955362,-11.80923
19,fortified settlements,-62.85828,-11.849205
20,fortified settlements,-63.332269,-11.96913
21,fortified settlements,-63.526433,-12.129029
22,fortified settlements,-63.469326,-12.237533
23,fortified settlements,-63.880497,-12.129029
24,fortified settlements,-64.211718,-12.094765
25,fortified settlements,-64.280246,-12.357458
26,fortified settlements,-64.424874,-12.431385
27,fortified settlements,-64.6823,-12.134698
28,fortified settlements,-63.749151,-13.254039
29,fortified settlements,-63.840522,-13.693763
30,fortified settlements,-63.412219,-13.710895
31,fortified settlements,-63.826055,-13.792558
32,fortified settlements,-63.399655,-13.769715
33,fortified settlements,-65.155761,-11.634673
34,fortified settlements,-65.414646,-10.420196
35,fortified settlements,-65.471753,-10.602938
36,fortified settlements,-65.056775,-10.123239
37,fortified settlements,-63.956513,-10.020446
38,fortified settlements,-66.382992,-11.039046
39,fortified settlements,-66.28591,-11.236065
40,fortified settlements,-64.462767,-9.258162
41,fortified settlements,-64.177231,-8.778463
42,fortified settlements,-64.120124,-9.029734
43,fortified settlements,-68.94767,-10.954528
44,fortified settlements,-68.250964,-10.069368
45,fortified settlements,-68.690688,-9.155655
46,fortified settlements,-53.305569,-12.713108
47,fortified settlements,-53.115212,-12.530365
48,fortified settlements,-53.252269,-12.435187
49,fortified settlements,-53.473083,-12.081123
50,fortified settlements,-53.621562,-12.252444
51,fortified settlements,-53.488312,-11.909802
52,fortified settlements,-53.183741,-12.176301
53,mounded ring villages,-62.69359,-10.142402
54,mounded ring villages,-62.556533,-10.153823
55,mounded ring villages,-62.579376,-10.020573
56,mounded ring villages,-66.170776,-11.012206
57,mounded ring villages,-67.682209,-10.536313
58,mounded ring villages,-67.625102,-10.277428
59,mounded ring villages,-67.560381,-9.86245
60,mounded ring villages,-67.350988,-10.049
61,mounded ring villages,-67.213931,-9.786307
62,mounded ring villages,-67.716473,-10.189864
63,mounded ring villages,-69.597199,-10.878956
64,fortified settlements,-65.808653,-9.382433
65,fortified settlements,-66.014239,-10.993329
66,ceremonial centres,-69.064391,-10.728574
67,ceremonial centres,-68.774096,-10.780922
68,ceremonial centres,-68.445731,-10.766645
69,ceremonial centres,-67.879419,-10.61436
70,ceremonial centres,-67.627196,-10.666708
71,ceremonial centres,-67.969838,-9.924316
72,ceremonial centres,-68.250615,-9.857691
73,ceremonial centres,-68.31724,-9.358004
74,ceremonial centres,-67.855624,-9.534084
75,ceremonial centres,-67.474911,-8.863076
76,ceremonial centres,-67.065643,-8.810728
77,ceremonial centres,-67.322625,-9.224755
78,ceremonial centres,-67.046608,-10.17178
79,ceremonial centres,-67.008536,-9.691129
80,ceremonial centres,-66.72776,-9.700647
81,ceremonial centres,-66.723001,-9.990941
82,ceremonial centres,-66.394635,-9.824379
83,ceremonial centres,-66.170966,-9.705406
84,ceremonial centres,-65.814047,-9.614986
85,ceremonial centres,-67.168912,-8.695483
548,ADE,-70.087555,-12.524853
549,ADE,-72.200516,-7.756413
550,ADE,-72.628819,-7.432806
551,ADE,-73.53004,-4.359851
552,ADE,-73.484354,-4.137134
553,ADE,-73.381562,-3.902995
554,ADE,-73.341587,-3.771649
555,ADE,-72.930416,-3.406163
556,ADE,-72.810491,-3.37761
557,ADE,-69.846634,-4.10858
558,ADE,-72.302238,-0.567942
559,ADE,-72.028124,-0.674542
560,ADE,-65.348898,-10.451589
561,ADE,-64.977702,-11.867844
562,ADE,-64.029725,-12.410361
563,ADE,-62.345066,-13.095646
564,ADE,-60.713327,-12.181171
565,ADE,-60.599113,-10.072017
566,ADE,-60.667641,-9.714146
567,ADE,-59.426515,-9.957803
568,ADE,-59.342758,-10.033946
569,ADE,-59.883371,-7.163364
570,ADE,-61.878311,-9.752218
571,ADE,-62.106739,-9.805518
572,ADE,-62.441768,-10.376588
573,ADE,-61.855468,-10.30806
574,ADE,-61.89354,-10.521259
575,ADE,-62.099125,-10.407045
576,ADE,-61.916383,-11.191316
577,ADE,-63.477309,-8.72429
578,ADE,-63.873251,-8.617691
579,ADE,-63.896094,-8.358805
580,ADE,-63.88848,-8.122763
581,ADE,-63.507766,-8.016163
582,ADE,-63.309795,-7.612606
583,ADE,-63.355481,-7.445092
584,ADE,-62.898624,-7.536463
585,ADE,-62.78441,-6.99585
586,ADE,-62.898624,-6.83595
587,ADE,-62.951924,-6.62275
588,ADE,-62.78441,-6.112594
589,ADE,-62.62451,-6.318179
590,ADE,-62.601667,-5.823252
591,ADE,-62.41131,-6.036451
592,ADE,-62.350396,-5.602438
593,ADE,-62.106739,-5.640509
594,ADE,-62.137197,-5.876551
595,ADE,-61.809783,-5.967923
596,ADE,-61.505212,-6.005994
597,ADE,-61.566126,-5.693809
598,ADE,-61.193026,-5.480609
599,ADE,-61.094041,-5.823252
600,ADE,-60.819927,-5.701423
601,ADE,-60.873227,-5.381624
602,ADE,-61.398612,-4.703953
603,ADE,-60.62957,-5.145581
604,ADE,-60.530584,-5.450152
605,ADE,-60.370685,-4.863853
606,ADE,-60.165099,-5.145581
607,ADE,-60.043271,-4.597353
608,ADE,-59.830071,-4.78771
609,ADE,-59.837685,-4.308011
610,ADE,-59.533114,-4.361311
611,ADE,-59.373215,-3.965368
612,ADE,-59.160015,-3.95014
613,ADE,-59.061029,-3.744554
614,ADE,-65.221739,-7.74281
615,ADE,-65.084682,-7.525804
616,ADE,-64.890518,-7.285954
617,ADE,-64.696354,-7.103211
618,ADE,-64.58214,-7.023261
619,ADE,-64.513612,-6.817676
620,ADE,-64.342291,-6.532141
621,ADE,-66.775052,-5.001671
622,ADE,-64.639247,-3.471202
623,ADE,-64.490769,-3.356988
624,ADE,-64.959047,-4.67045
625,ADE,-64.74204,-4.636186
626,ADE,-64.456505,-4.579079
627,ADE,-64.228077,-4.442022
628,ADE,-64.022491,-4.304965
629,ADE,-63.77122,-4.17933
630,ADE,-63.519949,-4.030851
631,ADE,-63.222992,-3.973744
632,ADE,-62.9603,-3.973744
633,ADE,-62.72045,-3.848109
634,ADE,-62.4806,-3.836687
635,ADE,-62.275015,-3.733894
636,ADE,-62.103694,-3.53973
637,ADE,-62.434915,-4.030851
638,ADE,-61.863844,-3.608259
639,ADE,-61.578309,-3.425516
640,ADE,-61.304195,-3.471202
641,ADE,-61.189981,-3.231352
642,ADE,-60.93871,-2.991503
643,ADE,-60.755967,-3.231352
644,ADE,-60.436167,-3.391252
645,ADE,-60.127789,-3.311302
646,ADE,-59.72804,-3.311302
647,ADE,-59.259762,-3.345566
648,ADE,-59.32829,-3.516888
649,ADE,-58.871434,-3.436938
650,ADE,-58.391735,-3.219931
651,ADE,-58.391735,-2.945817
652,ADE,-58.288942,-2.557489
653,ADE,-58.288942,-2.340482
654,ADE,-57.86635,-2.386168
655,ADE,-57.523707,-2.409011
656,ADE,-57.877771,-2.705967
657,ADE,-57.6265,-2.88871
658,ADE,-57.432336,-3.151402
659,ADE,-57.261015,-2.843024
660,ADE,-56.986901,-3.105717
661,ADE,-56.724208,-2.854446
662,ADE,-56.986901,-2.797339
663,ADE,-56.724208,-2.56891
664,ADE,-59.533876,-2.922974
665,ADE,-59.465347,-2.477539
666,ADE,-59.990732,-2.854446
667,ADE,-59.990732,-2.591753
668,ADE,-60.424746,-2.660282
669,ADE,-60.596067,-2.420432
670,ADE,-61.144295,-2.740232
671,ADE,-60.835917,-2.740232
672,ADE,-61.144295,-2.443275
673,ADE,-60.847338,-2.283375
674,ADE,-60.37906,-1.952154
675,ADE,-60.002154,-1.495298
676,ADE,-61.155716,-1.803676
677,ADE,-61.384145,-2.032104
678,ADE,-61.772473,-2.032104
679,ADE,-61.772473,-1.712304
680,ADE,-61.34988,-1.620933
681,ADE,-61.544045,-1.335398
682,ADE,-62.035165,-1.335398
683,ADE,-62.343543,-1.255448
684,ADE,-62.297858,-1.049862
685,ADE,-62.645259,-1.05938
686,ADE,-62.850844,-0.796688
687,ADE,-63.022166,-0.830952
688,ADE,-63.627501,-0.454045
689,ADE,-63.421915,-0.533995
690,ADE,-63.250594,-0.648209
691,ADE,-64.529792,-0.351253
692,ADE,-61.742967,0.459668
693,ADE,-60.79499,2.458415
694,ADE,-60.144921,-1.584765
695,ADE,-56.451998,-4.582886
696,ADE,-56.185498,-4.668547
697,ADE,-56.233088,-4.240244
698,ADE,-55.814302,-4.363976
699,ADE,-55.928517,-4.030851
700,ADE,-55.633463,-4.059405
701,ADE,-55.271785,-2.546068
702,ADE,-54.938661,-2.612692
703,ADE,-54.938661,-2.422336
704,ADE,-54.320001,-2.555585
705,ADE,-54.576983,-2.479443
706,ADE,-54.091573,-1.946443
707,ADE,-55.976106,-1.632354
708,ADE,-56.366337,-1.470551
709,ADE,-56.994515,-1.108873
710,ADE,-57.19439,-0.823338
711,ADE,-56.84223,-0.766231
712,ADE,-56.775605,-0.537802
713,ADE,-56.823194,-0.994659
714,ADE,-53.413268,-3.537827
715,ADE,-53.289536,-3.61397
716,ADE,-52.575697,-3.69963
717,ADE,-52.185466,-3.166631
718,ADE,-52.090287,-3.08097
719,ADE,-51.443074,-2.262436
720,ADE,-51.690538,-2.157739
721,ADE,-51.68102,-1.748472
722,ADE,-51.32886,-1.653294
723,ADE,-51.500181,-1.919793
724,ADE,-51.41452,-0.292242
725,ADE,-51.757163,-0.263689
726,ADE,-52.042698,-0.30176
727,ADE,-52.423412,0.078954
728,ADE,-49.948772,-0.882348
729,ADE,-49.653719,-1.063187
730,ADE,-49.368184,-1.063187
731,ADE,-49.529987,-0.796688
732,ADE,-49.196863,-0.891866
733,ADE,-49.092166,-0.482599
734,ADE,-49.853594,-2.966756
735,ADE,-49.596612,-3.433131
736,ADE,-49.653719,-3.69963
737,ADE,-48.939881,-3.004828
738,ADE,-48.397364,-1.386794
739,ADE,-62.101632,4.011251
740,ADE,-51.100781,2.111236
741,ADE,-52.303836,2.583321
742,ADE,-45.43338,-1.558845
743,ADE,-46.946717,-0.987774
744,ADE,-48.145966,-4.480823
745,ADE,-48.983536,-4.623591
746,ADE,-49.487982,-4.852019
747,ADE,-49.430875,-5.080447
748,ADE,-49.36425,-5.299358
749,ADE,-49.107268,-5.346947
750,ADE,-49.09775,-5.013822
751,ADE,-49.906767,-6.022714
752,ADE,-51.743711,-6.945945
753,ADE,-52.989121,-12.494848
754,ADE,-53.240392,-12.601448
755,ADE,-53.366027,-12.411091
756,ADE,-53.141406,-12.235962
757,ADE,-53.400292,-11.91997
758,ADE,-53.445977,-12.163627
764,ADE,-50.820956,-14.615995
765,ADE,-58.121618,-7.353324
766,ADE,-58.190147,-7.155353
767,ADE,-55.89825,-6.264483
768,ADE,-55.677436,-6.340626
769,ADE,-55.464236,-6.447226
770,ADE,-55.464236,-6.607125
771,ADE,-55.433779,-6.797482
772,ADE,-55.365251,-6.980225
773,ADE,-55.372865,-7.155353
774,ADE,-55.304336,-7.29241
775,ADE,-55.258651,-7.45231
776,ADE,-55.197736,-7.604595
777,ADE,-55.152051,-7.734038
778,ADE,-55.121594,-7.992923
779,ADE,-55.098751,-8.411709
780,ADE,-55.098751,-8.510694
781,ADE,-51.702784,-6.789868
782,ADE,-51.264963,-6.470068
783,ADE,-51.131714,-6.393926
784,ADE,-51.074606,-6.517658
785,ADE,-51.017499,-6.650907
786,ADE,-55.862082,-5.451659
787,ADE,-55.928707,-5.356481
788,ADE,-56.204724,-4.985285
789,ADE,-56.899527,-5.213713
790,ADE,-56.823384,-5.109017
791,ADE,-56.813866,-4.937695
792,ADE,-56.680617,-4.709267
793,ADE,-56.57592,-4.709267
794,ADE,-55.357636,-3.538572
795,ADE,-54.872226,-3.386287
796,ADE,-52.530837,-4.128679
797,ADE,-52.20723,-4.128679
798,ADE,-52.235783,-4.366625
799,ADE,-52.197712,-4.699749
800,ADE,-52.254819,-4.547464
801,ADE,-52.378551,-4.242893
802,ADE,-50.513054,-5.794301
803,ADE,-50.465464,-5.879962
804,ADE,-49.913429,-5.918033
805,ADE,-50.056197,-6.10839
806,ADE,-50.094269,-6.470068
807,ADE,-49.875358,-6.489104
808,ADE,-50.360768,-6.479586
809,ADE,-60.16732,-7.929471
810,ADE,-60.015035,-8.24356
811,ADE,-59.834196,-8.357774
812,ADE,-59.510589,-8.491024
813,ADE,-59.434446,-8.614756
814,ADE,-59.377339,-8.719452
815,ADE,-57.787859,-9.814004
816,ADE,-57.445217,-8.748006
817,ADE,-57.311967,-8.814631
818,ADE,-57.140646,-8.94788
819,ADE,-57.007396,-9.128719
820,ADE,-56.874146,-9.271487
821,ADE,-56.588611,-9.385701
822,ADE,-56.426807,-9.461844
823,ADE,-56.350665,-9.518951
824,ADE,-56.626682,-9.604612
825,ADE,-55.351291,-10.518325
826,ADE,-55.741523,-10.822896
827,ADE,-55.760558,-10.994217
828,ADE,-55.541648,-11.584323
829,ADE,-54.865881,-9.823522
830,ADE,-51.74847,-9.33367
831,ADE,-60.94699,-13.450614
832,ADE,-61.929232,-13.351628
833,ADE,-62.188117,-13.031829
834,ADE,-62.31756,-13.191728
835,ADE,-62.842945,-12.8567
836,ADE,-63.002844,-12.673958
837,ADE,-63.177973,-12.567358
838,ADE,-63.04853,-12.552129
839,ADE,-63.436858,-12.171416
840,ADE,-63.665286,-12.110501
841,ADE,-63.908943,-12.224716
842,ADE,-63.855643,-12.460758
843,ADE,-64.144986,-12.521672
844,ADE,-64.144986,-12.354158
845,ADE,-64.068843,-12.163801
846,ADE,-64.434328,-12.262787
847,ADE,-64.822656,-12.034359
848,ADE,-64.929256,-11.882073
849,ADE,-64.594228,-12.323701
850,ADE,-65.09677,-11.653645
851,ADE,-65.264284,-11.280545
852,ADE,-65.165299,-10.953132
853,ADE,-65.271898,-10.732318
854,ADE,-65.279513,-10.496275
855,ADE,-65.294741,-10.374447
856,ADE,-65.195756,-10.18409
857,ADE,-63.200816,-10.29069
858,ADE,-62.42416,-10.473432
859,ADE,-62.294717,-10.389675
860,ADE,-62.348017,-10.778003
861,ADE,-61.495218,-11.28816
862,ADE,-61.738875,-11.067346
863,ADE,-61.868317,-10.770389
864,ADE,-62.012989,-10.800846
865,ADE,-61.990146,-11.242474
866,ADE,-61.700803,-10.557189
867,ADE,-61.898775,-10.473432
868,ADE,-61.73126,-10.283075
869,ADE,-61.830246,-10.07749
870,ADE,-61.906389,-9.909976
871,ADE,-62.195731,-9.719619
872,ADE,-61.822632,-9.689162
873,ADE,-62.020603,-9.993733
874,ADE,-61.761718,-9.407434
875,ADE,-63.019342,-9.954773
876,ADE,-63.066931,-9.564542
877,ADE,-63.428609,-9.574059
878,ADE,-63.333431,-9.231417
879,ADE,-63.133556,-9.212381
880,ADE,-63.24777,-9.012507
881,ADE,-63.666555,-9.155274
882,ADE,-63.561859,-8.9554
883,ADE,-63.24777,-8.793596
884,ADE,-63.466681,-8.431918
885,ADE,-63.847394,-8.841185
886,ADE,-64.104376,-8.812632
887,ADE,-64.199555,-9.079132
888,ADE,-64.323287,-9.193346
889,ADE,-64.513644,-9.279006
890,ADE,-62.876574,-8.127347
891,ADE,-62.838503,-7.946508
892,ADE,-62.838503,-7.765669
893,ADE,-62.305504,-7.832294
894,ADE,-62.172254,-7.879883
895,ADE,-61.458416,-7.946508
896,ADE,-62.476825,-6.642563
897,ADE,-62.438754,-6.433171
898,ADE,-62.381647,-6.290403
899,ADE,-64.732554,-6.928099
900,ADE,-62.716318,-16.040959
901,ADE,-62.710607,-15.89248
902,ADE,-62.89906,-15.618366
903,ADE,-76.058431,-9.416539
904,ADE,-75.357918,-11.122137
905,ADE,-74.86299,-10.551066
906,ADE,-74.29192,-9.005368
907,ADE,-74.352834,-8.845468
908,ADE,-74.733548,-9.012983
909,ADE,-74.642176,-8.396226
910,ADE,-75.574925,-0.769324
911,ADE,-69.762568,-1.28443
912,ADE,-69.591247,-1.352958
913,ADE,-69.122969,-1.809815
914,ADE,-68.948602,-3.447645
915,ADE,-68.621188,-3.440031
916,ADE,-67.616104,-3.386731
917,ADE,-67.494275,-3.287746
918,ADE,-67.753161,-1.612605
919,ADE,-67.105947,-1.932405
920,ADE,-66.321677,-2.039004
921,ADE,-66.146549,-2.541547
922,ADE,-66.039949,-2.488247
923,ADE,-67.265847,0.80112
924,ADE,-67.174476,0.96102
925,ADE,-65.303268,-4.414658
926,ADE,-65.181439,-4.247144
927,ADE,-65.097682,-4.140544
928,ADE,-64.983468,-3.988259
929,ADE,-64.991082,-3.790288
930,ADE,-64.991082,-3.592317
931,ADE,-64.709354,-3.683688
932,ADE,-64.496155,-3.676074
933,ADE,-64.222041,-3.607545
934,ADE,-64.321026,-3.500945
935,ADE,-64.572297,-3.264903
936,ADE,-64.838797,-3.272517
937,ADE,-64.960625,-3.363888
938,ADE,-65.013925,-3.089774
939,ADE,-65.211896,-2.929875
940,ADE,-64.884483,-2.907032
941,ADE,-64.602754,-2.998403
942,ADE,-64.351483,-3.036474
943,ADE,-64.518997,-2.648146
944,ADE,-64.404783,-2.846118
945,ADE,-64.587526,-2.511089
946,ADE,-64.747426,-2.328347
947,ADE,-64.762654,-2.709061
948,ADE,-64.793111,-2.572004
949,ADE,-65.166211,-2.335961
950,ADE,-64.96824,-2.160833
951,ADE,-64.892097,-2.320733
952,ADE,-65.173825,-1.985704
953,ADE,-65.546925,-1.863876
954,ADE,-64.09006,-0.190766
955,ADE,-63.869246,-0.19838
956,ADE,-62.98599,-0.30498
957,ADE,-62.734719,-0.350666
958,ADE,-62.909847,-0.480108
959,ADE,-61.402221,-0.640008
960,ADE,-61.531663,-0.792294
961,ADE,-61.539278,-0.997879
962,ADE,-62.216948,-1.744078
963,ADE,-62.491062,-1.873521
964,ADE,-62.833704,-1.751692
965,ADE,-60.419979,-1.804992
966,ADE,-60.51135,0.357462
967,ADE,-60.351451,1.080818
968,ADE,-61.128107,1.728031
969,ADE,-59.144588,-2.968454
970,ADE,-58.944713,-3.002718
971,ADE,-58.693442,-2.831397
972,ADE,-60.012615,-2.026187
973,ADE,-59.909823,-1.860577
974,ADE,-59.758489,-3.679437
975,ADE,-60.262935,-3.84124
976,ADE,-60.510399,-3.698472
977,ADE,-60.805452,-3.679437
978,ADE,-61.062434,-3.793651
979,ADE,-61.357487,-3.84124
980,ADE,-62.604324,-5.459273
981,ADE,-62.642396,-5.230845
982,ADE,-62.452039,-5.03097
983,ADE,-62.328307,-4.859649
984,ADE,-62.118914,-4.745435
985,ADE,-61.87145,-4.431346
986,ADE,-61.814343,-4.240989
987,ADE,-58.987544,-4.088704
988,ADE,-58.378402,-3.822204
989,ADE,-58.092866,-3.898347
990,ADE,-57.835885,-3.888829
991,ADE,-57.559867,-4.374239
992,ADE,-57.559867,-4.041115
993,ADE,-57.531314,-3.831722
994,ADE,-57.759742,-3.508115
995,ADE,-56.427244,-3.403419
996,ADE,-56.474833,-3.232098
997,ADE,-56.589047,-3.041741
998,ADE,-56.008458,-3.536669
999,ADE,-55.979905,-3.35583
1000,ADE,-55.808584,-3.032223
1001,ADE,-55.78003,-2.822831
1002,ADE,-55.837137,-2.60392
1003,ADE,-56.284476,-2.565849
1004,ADE,-56.151226,-2.394528
1005,ADE,-55.989423,-2.213689
1006,ADE,-56.351101,-2.11851
1007,ADE,-56.712779,-2.013814
1008,ADE,-57.045903,-1.909118
1009,ADE,-56.922172,-2.318385
1010,ADE,-56.846029,-1.547439
1011,ADE,-57.226743,-1.14769
1012,ADE,-57.398064,-1.090583
1013,ADE,-57.350474,-0.824083
1014,ADE,-55.979905,-0.062656
1015,ADE,-55.351727,-1.737796
1016,ADE,-55.770512,-1.652136
1017,ADE,-55.989423,-1.442743
1018,ADE,-55.066192,-1.6331
1019,ADE,-55.07571,-1.937671
1020,ADE,-54.561746,-1.794903
1021,ADE,-55.199442,-2.832348
1022,ADE,-55.085228,-3.194026
1023,ADE,-54.932942,-2.908491
1024,ADE,-54.609335,-2.699099
1025,ADE,-54.333318,-2.718134
1026,ADE,-56.648058,-2.337421
1027,ADE,-54.055397,-2.531585
1028,ADE,-53.861233,-2.188942
1029,ADE,-54.318089,-2.234628
1030,ADE,-54.249561,-1.869143
1031,ADE,-53.781283,-1.789193
1032,ADE,-53.587119,-1.697821
1033,ADE,-53.427219,-1.732086
1034,ADE,-52.414917,-3.576136
1035,ADE,-52.319739,-3.431465
1036,ADE,-51.881918,-3.606593
1037,ADE,-51.840039,-3.431465
1038,ADE,-51.649683,-3.454308
1039,ADE,-51.417447,-3.290601
1040,ADE,-51.60019,-3.107858
1041,ADE,-51.919989,-2.616738
1042,ADE,-52.068468,-2.689073
1043,ADE,-51.897146,-2.757602
1044,ADE,-52.026589,-2.875623
1045,ADE,-51.623033,-2.296938
1046,ADE,-51.505011,-2.338816
1047,ADE,-51.38699,-2.338816
1048,ADE,-51.135719,-3.595172
1049,ADE,-51.314654,-3.381972
1050,ADE,-48.570279,-6.455665
1051,ADE,-48.617868,-6.289102
1052,ADE,-48.341851,-6.374763
1053,ADE,-48.275226,-6.184406
1054,ADE,-48.441788,-6.108263
1055,ADE,-48.508413,-5.384907
1056,ADE,-48.498895,-5.246899
1057,ADE,-48.498895,-5.080336
1058,ADE,-48.61311,-5.061301
1059,ADE,-48.765395,-5.070818
1060,ADE,-48.760636,-5.304006
1061,ADE,-48.960511,-5.351595
1062,ADE,-49.250805,-5.389666
1063,ADE,-48.993823,-5.10889
1064,ADE,-48.989064,-4.88522
1065,ADE,-49.717179,-4.813837
1066,ADE,-49.745733,-4.613962
1067,ADE,-49.888501,-4.461676
1068,ADE,-49.712421,-4.380775
1069,ADE,-49.464957,-4.22373
1070,ADE,-49.403091,-4.395051
1071,ADE,-49.422126,-4.594926
1072,ADE,-49.554821,-4.009182
1073,ADE,-49.684264,-3.952075
1074,ADE,-49.760406,-3.727454
1075,ADE,-49.497714,-3.750297
1076,ADE,-49.562435,-3.567554
1077,ADE,-49.094157,-2.836584
1078,ADE,-49.752792,-3.053591
1079,ADE,-50.00787,-2.806127
1080,ADE,-49.840356,-2.707141
1081,ADE,-49.920306,-2.56247
1082,ADE,-50.14112,-2.58912
1083,ADE,-50.125892,-2.493941
1084,ADE,-48.599927,-1.945587
1085,ADE,-48.609445,-1.79806
1086,ADE,-48.604686,-1.645775
1087,ADE,-48.818838,-1.764748
1088,ADE,-48.861668,-0.993802
1089,ADE,-48.695106,-0.91766
1090,ADE,-49.047266,-1.079463
1091,ADE,-49.78014,-1.7124
1092,ADE,-49.994291,-1.969381
1093,ADE,-50.198925,-2.036006
1094,ADE,-50.065675,-2.093113
1095,ADE,-51.041254,-2.112149
1096,ADE,-51.274442,-2.045524
1097,ADE,-51.23637,-1.88848
1098,ADE,-51.445763,-1.450659
1099,ADE,-51.598048,-1.483971
1100,ADE,-51.783646,-1.607703
1101,ADE,-51.974003,-1.7124
1102,ADE,-50.465425,-1.75523
1103,ADE,-47.836914,-0.831999
1104,ADE,-53.137401,-1.100878
1105,ADE,-53.05174,-1.135142
1106,ADE,-52.680544,-1.489206
1107,ADE,-52.514934,-1.380703
1108,ADE,-52.355034,-1.226514
1109,ADE,-51.681171,0.235427
1110,ADE,-51.544114,0.252559
1111,ADE,-51.829649,-0.021555
1112,ADE,-51.521271,-0.107215
1113,ADE,-51.378503,0.064106
1114,ADE,-51.092968,0.064106
1115,ADE,-51.264289,0.629466
1116,ADE,-51.195761,0.897869
1117,ADE,-50.561872,0.846473
1118,ADE,-50.716061,0.783655
1119,ADE,-50.681797,0.49812
1120,ADE,-50.105016,0.829341
1121,ADE,-50.133569,0.126924
1122,ADE,-49.945116,0.149767
1123,ADE,-49.568209,-0.038687
1124,ADE,-50.693218,1.314751
1125,ADE,-50.693218,1.58125
1126,ADE,-50.86454,1.685947
1127,ADE,-50.712254,1.933411
1128,ADE,-50.902611,1.961964
1129,ADE,-51.540307,3.418194
1130,ADE,-46.675102,-1.172579
1131,ADE,-46.608477,-1.048847
1132,geoglyphs,-64.365072,-9.307872
1133,geoglyphs,-64.016719,-9.069926
1134,geoglyphs,-64.113801,-8.772969
1135,geoglyphs,-69.744557,-9.095624
1136,geoglyphs,-69.31665,-8.882501
1137,geoglyphs,-68.902228,-8.784391
1138,geoglyphs,-68.719485,-8.872907
1139,geoglyphs,-68.733762,-9.155587
1140,geoglyphs,-68.616693,-9.189851
1141,geoglyphs,-68.67951,-9.195562
1142,geoglyphs,-68.585284,-9.14131
1143,geoglyphs,-68.522466,-9.121323
1144,geoglyphs,-68.553875,-8.995687
1145,geoglyphs,-68.610982,-9.021385
1146,geoglyphs,-69.027863,-10.060734
1147,geoglyphs,-68.99931,-10.785993
1148,geoglyphs,-68.91936,-10.868799
1149,geoglyphs,-68.619548,-10.945893
1150,geoglyphs,-68.208377,-10.88022
1151,geoglyphs,-66.826386,-10.500458
1152,geoglyphs,-67.012222,-9.668837
1153,geoglyphs,-66.857557,-9.737841
1154,geoglyphs,-66.695754,-9.773533
1155,geoglyphs,-66.598196,-9.69977
1156,geoglyphs,-66.655303,-9.790189
1157,geoglyphs,-66.538709,-9.806845
1158,geoglyphs,-66.419736,-9.78781
1159,geoglyphs,-66.4007,-9.685493
1160,geoglyphs,-66.495879,-9.621247
1161,geoglyphs,-66.255553,-9.576038
1162,geoglyphs,-66.286486,-9.709287
1163,geoglyphs,-66.157995,-9.7426
1164,geoglyphs,-66.342642,-9.822074
1165,geoglyphs,-66.172272,-9.646945
1166,geoglyphs,-66.04283,-9.780195
1167,geoglyphs,-65.932423,-9.544153
1168,geoglyphs,-65.96288,-9.54796
1169,geoglyphs,-65.738259,-9.624103
1170,geoglyphs,-67.325835,-9.529876
1171,geoglyphs,-67.257306,-9.566996
1172,geoglyphs,-67.211621,-9.452781
1173,geoglyphs,-67.151658,-9.621247
1174,geoglyphs,-67.160224,-9.444215
1175,geoglyphs,-67.397219,-9.489901
1176,geoglyphs,-67.562829,-9.447071
1177,geoglyphs,-67.551408,-9.47848
1178,geoglyphs,-67.617081,-9.452781
1179,geoglyphs,-67.497156,-9.175812
1180,geoglyphs,-67.442904,-9.155825
1181,geoglyphs,-67.280149,-9.241485
1182,geoglyphs,-67.263017,-9.104428
1183,geoglyphs,-67.194489,-9.07873
1184,geoglyphs,-67.24874,-8.967371
1185,geoglyphs,-67.214476,-8.881711
1186,geoglyphs,-67.208765,-8.821748
1187,geoglyphs,-67.308703,-8.758931
1188,geoglyphs,-67.420062,-8.633295
1189,geoglyphs,-67.188778,-8.736088
1190,geoglyphs,-67.071709,-8.79034
1191,geoglyphs,-67.020312,-8.793195
1192,geoglyphs,-67.000325,-8.856013
1193,geoglyphs,-69.111097,-11.320071
1194,geoglyphs,-69.116808,-11.217279
1195,geoglyphs,-69.105386,-10.994561
1196,geoglyphs,-68.55084,-10.559074
1197,geoglyphs,-68.426918,-10.651588
1198,geoglyphs,-68.414354,-10.658441
1199,geoglyphs,-68.336118,-10.66872
1200,geoglyphs,-68.314417,-10.667007
1201,geoglyphs,-68.371524,-10.784076
1202,geoglyphs,-68.189924,-10.757807
1203,geoglyphs,-68.151091,-10.761233
1204,geoglyphs,-68.179073,-10.714977
1205,geoglyphs,-68.169936,-10.701842
1206,geoglyphs,-68.157944,-10.7007
1207,geoglyphs,-68.095697,-10.656727
1208,geoglyphs,-68.074567,-10.619608
1209,geoglyphs,-68.040303,-10.616181
1210,geoglyphs,-67.975772,-10.58877
1211,geoglyphs,-67.971203,-10.592197
1212,geoglyphs,-67.915239,-10.602476
1213,geoglyphs,-67.907244,-10.612755
1214,geoglyphs,-67.884972,-10.617895
1215,geoglyphs,-67.814159,-10.623605
1216,geoglyphs,-67.811304,-10.608758
1217,geoglyphs,-67.803309,-10.597907
1218,geoglyphs,-67.714793,-10.663009
1219,geoglyphs,-67.691379,-10.670433
1220,geoglyphs,-67.727927,-10.601905
1221,geoglyphs,-67.695376,-10.6099
1222,geoglyphs,-67.687381,-10.596194
1223,geoglyphs,-67.663396,-10.595052
1224,geoglyphs,-67.66511,-10.568783
1225,geoglyphs,-67.661683,-10.528237
1226,geoglyphs,-67.664539,-10.523668
1227,geoglyphs,-67.631988,-10.525952
1228,geoglyphs,-67.706798,-10.521955
1229,geoglyphs,-67.679957,-10.459708
1230,geoglyphs,-67.706798,-10.439721
1231,geoglyphs,-67.73992,-10.467132
1232,geoglyphs,-67.760478,-10.450571
1233,geoglyphs,-67.768473,-10.450571
1234,geoglyphs,-67.725643,-10.415736
1235,geoglyphs,-67.713651,-10.392893
1236,geoglyphs,-67.566314,-10.435152
1237,geoglyphs,-67.598294,-10.406599
1238,geoglyphs,-67.59087,-10.380329
1239,geoglyphs,-67.719932,-10.366624
1240,geoglyphs,-67.713651,-10.351205
1241,geoglyphs,-67.688524,-10.362626
1242,geoglyphs,-67.788461,-10.342639
1243,geoglyphs,-67.788461,-10.323222
1244,geoglyphs,-67.795885,-10.322651
1245,geoglyphs,-67.807306,-10.28496
1246,geoglyphs,-67.723359,-10.257549
1247,geoglyphs,-67.715364,-10.262689
1248,geoglyphs,-67.696519,-10.266686
1249,geoglyphs,-67.679386,-10.260404
1250,geoglyphs,-67.685668,-10.262118
1251,geoglyphs,-67.666823,-10.244986
1252,geoglyphs,-67.693092,-10.303235
1253,geoglyphs,-67.653117,-10.295811
1254,geoglyphs,-67.649691,-10.297524
1255,geoglyphs,-67.603434,-10.328933
1256,geoglyphs,-67.602292,-10.345494
1257,geoglyphs,-67.605718,-10.355773
1258,geoglyphs,-67.546898,-10.322651
1259,geoglyphs,-67.539474,-10.324935
1260,geoglyphs,-67.542901,-10.331217
1261,geoglyphs,-67.501212,-10.308945
1262,geoglyphs,-67.535477,-10.270113
1263,geoglyphs,-67.595439,-10.240417
1264,geoglyphs,-67.657686,-10.209008
1265,geoglyphs,-67.658257,-10.202726
1266,geoglyphs,-67.721075,-10.19416
1267,geoglyphs,-67.859845,-10.157041
1268,geoglyphs,-67.799882,-10.15647
1269,geoglyphs,-67.528624,-10.182739
1270,geoglyphs,-67.583447,-10.150188
1271,geoglyphs,-67.78789,-10.110213
1272,geoglyphs,-67.804451,-10.077091
1273,geoglyphs,-67.728498,-10.029121
1274,geoglyphs,-67.65997,-10.098791
1275,geoglyphs,-67.662254,-10.113639
1276,geoglyphs,-67.617711,-10.05539
1277,geoglyphs,-67.665681,-9.985719
1278,geoglyphs,-67.666823,-9.978867
1279,geoglyphs,-67.673105,-9.98058
1280,geoglyphs,-67.673676,-9.915478
1281,geoglyphs,-67.598865,-9.934323
1282,geoglyphs,-67.571454,-10.081659
1283,geoglyphs,-67.556606,-10.078233
1284,geoglyphs,-67.546327,-10.070238
1285,geoglyphs,-67.548611,-10.07652
1286,geoglyphs,-67.509207,-10.090796
1287,geoglyphs,-67.53719,-10.038258
1288,geoglyphs,-67.536619,-10.035403
1289,geoglyphs,-67.513776,-10.032547
1290,geoglyphs,-67.508636,-10.025123
1291,geoglyphs,-67.50007,-9.987433
1292,geoglyphs,-67.497215,-9.962877
1293,geoglyphs,-67.521771,-9.885211
1294,geoglyphs,-67.534906,-9.870934
1295,geoglyphs,-67.939224,-9.923473
1296,geoglyphs,-67.996797,-10.079504
1297,geoglyphs,-68.00365,-10.07208
1298,geoglyphs,-68.013358,-10.077219
1299,geoglyphs,-68.012216,-10.010975
1300,geoglyphs,-67.900857,-9.849362
1301,geoglyphs,-67.748952,-9.827661
1302,geoglyphs,-67.821478,-9.76313
1303,geoglyphs,-67.917989,-9.696886
1304,geoglyphs,-67.791783,-9.626073
1305,geoglyphs,-67.759803,-9.619221
1306,geoglyphs,-67.724967,-9.571822
1307,geoglyphs,-68.128714,-9.682609
1308,geoglyphs,-68.186202,-10.054757
1309,geoglyphs,-68.170586,-9.417449
1310,geoglyphs,-67.970141,-9.419162
1311,geoglyphs,-67.630715,-9.49599
1312,geoglyphs,-67.634427,-9.490279
1313,geoglyphs,-67.669091,-9.698967
1314,geoglyphs,-67.536603,-9.761785
1315,geoglyphs,-67.513379,-9.809374
1316,geoglyphs,-67.489724,-9.96468
1317,geoglyphs,-67.480587,-9.960683
1318,geoglyphs,-67.476304,-9.916139
1319,geoglyphs,-67.478588,-9.914712
1320,geoglyphs,-67.445466,-9.880447
1321,geoglyphs,-67.44204,-9.883874
1322,geoglyphs,-67.418912,-9.881304
1323,geoglyphs,-67.42348,-9.897008
1324,geoglyphs,-67.390644,-9.873309
1325,geoglyphs,-67.381792,-9.883017
1326,geoglyphs,-67.399781,-9.944122
1327,geoglyphs,-67.349526,-9.90329
1328,geoglyphs,-67.34867,-9.843613
1329,geoglyphs,-67.374654,-9.821913
1330,geoglyphs,-67.375796,-9.792788
1331,geoglyphs,-67.3461,-9.786506
1332,geoglyphs,-67.350669,-9.766233
1333,geoglyphs,-67.409917,-10.003799
1334,geoglyphs,-67.327683,-9.954401
1335,geoglyphs,-67.283996,-9.961254
1336,geoglyphs,-67.25687,-10.032638
1337,geoglyphs,-67.32083,-10.07404
1338,geoglyphs,-67.313121,-10.088888
1339,geoglyphs,-67.308267,-10.094028
1340,geoglyphs,-67.373369,-10.102023
1341,geoglyphs,-67.370228,-10.096312
1342,geoglyphs,-67.423908,-10.081179
1343,geoglyphs,-67.415913,-10.068044
1344,geoglyphs,-67.412487,-10.071185
1345,geoglyphs,-67.222035,-10.064903
1346,geoglyphs,-67.495768,-10.132385
1347,geoglyphs,-67.491009,-10.145234
1348,geoglyphs,-67.390596,-10.168077
1349,geoglyphs,-67.372512,-10.214714
1350,geoglyphs,-67.368705,-10.224232
1351,geoglyphs,-67.419625,-10.37271
1352,geoglyphs,-67.274478,-10.218997
1353,geoglyphs,-67.273051,-10.165221
1354,geoglyphs,-67.209138,-10.129529
1355,geoglyphs,-67.219322,-10.309321
1356,geoglyphs,-67.18087,-10.251453
1357,geoglyphs,-67.177825,-10.217569
1358,geoglyphs,-67.171352,-10.204625
1359,geoglyphs,-67.158027,-10.220615
1360,geoglyphs,-67.128712,-10.212239
1361,geoglyphs,-67.124144,-10.209574
1362,geoglyphs,-67.12224,-10.232037
1363,geoglyphs,-67.189595,-9.989141
1364,geoglyphs,-67.162564,-10.016553
1365,geoglyphs,-67.141244,-10.013888
1366,geoglyphs,-67.105838,-10.035208
1367,geoglyphs,-67.023223,-9.945359
1368,geoglyphs,-67.100127,-9.805256
1369,geoglyphs,-67.095939,-9.809825
1370,geoglyphs,-67.233758,-9.853988
1371,geoglyphs,-67.313501,-9.770786
1372,geoglyphs,-67.26477,-9.741852
1373,geoglyphs,-67.229744,-9.72472
1374,geoglyphs,-67.225176,-9.729669
1375,geoglyphs,-67.213754,-9.69274
1376,geoglyphs,-67.197384,-9.744897
1377,geoglyphs,-67.193957,-9.763172
1378,geoglyphs,-67.13114,-9.723958
1379,geoglyphs,-67.124287,-9.731953
1380,geoglyphs,-67.123906,-9.723577
1381,geoglyphs,-67.125048,-9.714821
1382,geoglyphs,-67.135327,-9.69845
1383,geoglyphs,-66.910135,-10.027339
1384,geoglyphs,-66.85912,-9.889521
1385,geoglyphs,-66.950491,-9.783683
1386,geoglyphs,-67.062421,-9.730383
